Company Name,Brief Description,Company ID,Founder Name,Geolocation,Last Valuation,Location City,Notable Investors,Pre-Seed Valuation and Date,Seed Valuation and Date,Series A Valuation and Date,Series B Valuation and Date,Series C Valuation and Date,Series D Valuation and Date,Series E Valuation and Date
1X Technologies,"Humanoid robotics company developing NEO bipedal robot for consumer/household use. Originally Norwegian (Halodi Robotics), relocated to Palo Alto July 2025. OpenAI's primary embodied intelligence vehicle. Wheeled EVE (commercial) + bipedal NEO (development).",1x-technologies,Bernt Øyvind Børnich,"37.4419, -122.1430",$10B target (Series B 2025),"Palo Alto, California (relocated from Moss, Norway in July 2025)","OpenAI Startup Fund (lead investor), EQT Ventures, Tiger Global, Samsung NEXT",N/A,N/A,A2 - Mar 2023,$800M - Jan 2024,N/A,N/A,$10B target - Sep 2025
Agility Robotics,"Leading commercial humanoid robotics with bipedal Digit robot for warehouse automation and logistics. Proven Amazon warehouse deployments (~100 units operational). First-mover advantage with 2-3 year deployment lead. RoboFab manufacturing facility in Salem, OR for 10,000+ units/year capacity.",agility-robotics,"Damion Shelton (CEO), Jonathan Hurst (CTO)","44.5329, -122.7795",$1.75B - Jun 2025,"Salem, Oregon","DCVC, Playground Global, Amazon Industrial Innovation Fund, Sony Innovation Fund, Sequoia Capital",N/A,$792K - Oct 2016,$29M - Oct 2020,$1.0B - Apr 2022,$1.75B - Jun 2025,N/A,N/A
Collaborative Robotics,"Collaborative robots (cobots) for manufacturing, logistics, and warehouse automation. Founded May 2022 by ex-Amazon Robotics VP Brad Porter who deployed 200k+ robots at Amazon. Cobalt robot features industry-leading 4kg payload with human-safe collaborative operation. Rapid growth: $30M seed → $100M Series A (8 months) → $1B Series B (14 months). Focus on practical deployment addressing labor shortages in manufacturing. Strategic positioning between traditional industrial arms and humanoid robots.",collaborative-robotics,"Brad Porter (Founder & CEO, ex-Amazon Robotics VP, 14-year Amazon tenure deploying 200,000+ robots)","37.3541, -121.9552",$1B (Series B Nov 2024),"Santa Clara, CA","General Catalyst (Series B lead), Sequoia Capital (Series A lead), Khosla Ventures, Lux Capital, Bison Ventures, Industry Ventures",N/A,$30M - Feb 2023,$100M - Aug 2023,$1B valuation - Nov 2024,N/A,N/A,N/A
Figure AI,Highest valuation humanoid robotics company building Figure-01/Figure-02 robots with OpenAI integration. Deep vertical integration strategy partnering with BMW for manufacturing applications. Pre-commercial phase with pilot deployments.,figure-ai,Brett Adcock,"37.3688, -122.0363",$39B (Series C 2025),"Sunnyvale, California","Microsoft, OpenAI, NVIDIA, Jeff Bezos, Parkwood LLC, Intel Capital, Samsung Ventures",N/A,$100M - 2022,$500M - May 2023,$2.6B - Feb 2024,$39B - Sep 2025,N/A,N/A
Flexion Robotics,"'NVIDIA for robotics' - morphology-agnostic software intelligence platform for humanoid robots. Three-layer architecture: Command (LLM reasoning), Motion (whole-body planning), Control (hardware-agnostic actuation). Sim-to-real transfer using RL. Hardware-independent brain enabling any humanoid to perform complex tasks. ETH Zurich RSL spinout commercializing ANYmal quadruped research. Focus on locomotion and manipulation intelligence that works across different robot embodiments.",flexion-robotics,"Nikita Rudin (CEO, ex-NVIDIA Isaac Sim), David Hoeller (CTO, ex-NVIDIA), Julian Nubert (ex-ETH Zurich RSL), Fabian Tischhauser (ex-ETH Zurich)","47.3769, 8.5417",Est. $200M (Series A 2025),"Zurich, Switzerland (expanding to SF Bay Area)","DST Global Partners (lead), NVentures (NVIDIA), Redalpine, Prosus Ventures, Moonfire Ventures",N/A,$7.35M - 2024,$50M at Est. $200M - Nov 2025,N/A,N/A,N/A,N/A
Sunday Robotics,"Home robotics company founded by Tesla Optimus diaspora engineers. First robotics foundation model trained on extensive human movement data. Targeting premium domestic robotics market at $6K-$20K price point (significantly cheaper than Figure/1X). Focus on household chores like cleaning, cooking assistance, and general manipulation tasks. Differentiator: foundation model approach enabling broad generalization across tasks. Well-funded by tier-1 venture capitalists betting on Tesla engineering talent. Expected 2025-2026 consumer product launch.",sunday-robotics,"Ex-Tesla Optimus team (names stealth), engineers who worked on Tesla's humanoid robot program","37.7749,-122.4194",$30M (est. seed 2024),"San Francisco, California",Tier-1 venture backing (undisclosed),N/A,Est. $30M - 2024 (tier-1 VCs),N/A,N/A,N/A,N/A,N/A
Anyware Robotics,"FANUC Silicon Valley spinout developing multi-purpose mobile robots for warehouse and logistics automation. Pixmo robot platform handles container/truck unloading at 1,000 boxes/hour with 65lb payload capacity. Team holds 25+ robotics patents from FANUC experience. Focus on unstructured loading dock environments and mixed SKU handling. Competes with Boston Dynamics Stretch and other automated unloading solutions. Industrial-grade reliability with warehouse-proven technology.",anyware-robotics,"Thomas Tang (CEO, ex-FANUC), Bruce Fan (CTO, ex-FANUC), Sam Zhou (Chief Engineer, 25+ robotics patents from FANUC tenure)","37.3875° N, 122.0575° W",$17 million,"Silicon Valley, California","GFT Ventures (lead), other seed investors",N/A,$17M - 2020,N/A,N/A,N/A,N/A,N/A
Mimic Robotics,"ETH Zurich spinout focused on achieving human-level dexterity and manipulation capabilities in robotic systems. ETH Zurich Robotics Systems Lab is world-renowned for locomotion and manipulation research (famous for quadruped robots). Focus on solving hardest problems in robotic manipulation: contact-rich tasks, deformable object handling, and multi-object manipulation. European robotics excellence combining academic research depth with commercial focus. Potential applications in manufacturing assembly, food handling, and logistics. Benefits from Swiss precision engineering culture and ETH research infrastructure.",mimic-robotics,ETH Zurich Robotics Systems Lab researchers (names not publicly disclosed),"47.3769,8.5417",$10M (est. seed 2024),"Zurich, Switzerland","European deep tech VCs including Verve Ventures, Btov Partners, High-Tech Gründerfonds",Est. $1M - 2023,Est. $10M - 2024,N/A,N/A,N/A,N/A,N/A
4AG Robotics,"4AG Robotics develops automated robotic harvesters for high-value specialty crops. Their technology uses computer vision and robotics to gently harvest delicate fruits, targeting the agricultural labor shortage.",4ag-robotics,Drew Lytle,"50.7022, -119.2722",Est. $7.5M Total,"Salmon Arm, BC, Canada",TBD,N/A,$2.5M - September 2021,Est. $5M - 2023,N/A,N/A,N/A,N/A
Bonsai Robotics,"Fruit harvesting robotics company founded by autonomous vehicle and robotics lab alumni applying self-driving technology to agriculture. $15M funding for specialty crop harvesting automation. Focus on high-value crops like strawberries, apples, or grapes requiring delicate manipulation. Leverages computer vision, path planning, and manipulation algorithms from autonomous vehicle domain. Competes with http://Advanced.Farm, Abundant Robotics successors, and FFRobotics. Targets California specialty crop market ($20B+ annually). Key challenge: achieving picking speeds and damage rates competitive with human labor.",bonsai-robotics,"Autonomous vehicle and robotics lab alumni (likely from Waymo, Cruise, or Zoox), names not disclosed","37.3361, -121.8905",$15 million (estimated from funding),"San Francisco, California",Undisclosed venture investors,N/A,$15M - 2022,N/A,N/A,N/A,N/A,N/A
Orchard Robotics,"AI-powered precision farming with FruitScope Vision System for crop health analysis at 12 mph tractor speeds. Computer vision platform capturing fruit-level data for apples, grapes, berries, cherries, almonds. FruitScope OS farm operating system for yield forecasting and crop management. Real-time disease detection and harvest optimization. Focus on specialty crops in Pacific Northwest and California. Thiel Fellow-led startup addressing $100B+ precision agriculture market.",orchard-robotics,"Charlie Wu (Founder, Thiel Fellow, ex-Cornell, 2022)","47.6062, -122.3321",Est. $80M (Series A 2025),"Seattle, Washington (with Yakima Valley operations)","Quiet Capital (co-lead), Shine Capital (co-lead), General Catalyst, Contrary Capital, Mythos Ventures, Valyrian Capital, Ravelin Capital, Nico Rosberg (F1 World Champion investor), Howard Lerman (Yext founder)",N/A,$3.8M - 2023,$22M at Est. $80M - Sep 2025,N/A,N/A,N/A,N/A
Red Barn Robotics,"Y Combinator W2025 agricultural robotics startup targeting sub-$100K autonomous farming robots - dramatically cheaper than competitors like Carbon Robotics ($500K+). Founded by ex-John Deere engineer with deep industry insights into cost structures and farmer pain points. Focus on affordability and accessibility for mid-sized farms (100-500 acres). Likely targets precision weeding, crop monitoring, or harvesting applications. Leveraging lower-cost sensors, simplified mechanical designs, and software-first approach to undercut established competitors.",red-barn-robotics,"Ex-John Deere engineer with 7+ years agricultural equipment experience (name not disclosed, Y Combinator W2025 batch)","37.7749° N, 122.4194° W",$15M post-money (est. YC batch 2025),"San Francisco, California (YC W2025)",Y Combinator,N/A,$2M - January 2025 (Y Combinator standard),N/A,N/A,N/A,N/A,N/A
Nextera Robotics,"MIT-founded robotics company taking AI-native approach to robot development. Focus on AI-first methodology - using large language models, vision transformers, and reinforcement learning as primary development paradigm rather than traditional controls engineering. Emerging from stealth in 2024. Thesis: modern AI capabilities enable fundamentally different robot development approach. Likely developing general-purpose manipulation or mobile robots with emphasis on learned behaviors over hand-coded algorithms. MIT CSAIL pedigree with world-class robotics research heritage.",nextera-robotics,"MIT CSAIL robotics researchers (names not disclosed, stealth mode)","42.3736,-71.1097",$8M (est. seed 2024),"Cambridge, Massachusetts","MIT-affiliated VCs, AI-focused seed investors, potentially The Engine (MIT's tough tech VC)",Est. $1M - 2023,Est. $8M - 2024,N/A,N/A,N/A,N/A,N/A
The Bot Company,"AI-powered household robots for automating unpaid domestic labor including cleaning, laundry, cooking, and general household tasks. Non-humanoid design featuring mobile wheeled base with specialized manipulation grippers. LLM-based task adaptation enabling robots to learn and adapt to diverse household environments. Pre-product company with exceptional founder pedigree from autonomous vehicle industry. Focus on mass-market consumer robotics priced competitively.",the-bot-company,"Kyle Vogt (CEO, ex-Cruise founder/CEO sold to GM for $1B, Twitch co-founder sold to Amazon for $970M), Paril Jain (CTO, ex-Tesla Autopilot), Luke Holoubek (ex-Cruise engineer)","37.7749, -122.4194",$4B target (Series B Oct 2025),"San Francisco, California","Greenoaks Capital (Series A lead), Spark Capital, Quiet Capital, Nat Friedman (GitHub former CEO), Daniel Gross (Pioneer), Patrick Collison (Stripe CEO), John Collison (Stripe President)",N/A,$150M - May 2024,$2.0B - Mar 2025,Est. $250M - Oct 2025,N/A,N/A,N/A
Carbon Robotics,"AI-powered LaserWeeder agricultural robotics using high-power CO2 lasers (150W-300W) and computer vision for chemical-free weed elimination. Real-time plant identification with 8 cameras processing 20+ plants/second. Autonomous robots eliminate 100,000+ weeds/hour targeting 150-acre operations. Over 300 robots deployed across North America specialty crop farms (vegetables, berries). Hardware + software platform with guaranteed performance contracts.",carbon-robotics,"Paul Mikesell (CEO, ex-Isilon/Clustrix/Uber)","47.6062, -122.3321",$600M (Series C 2024),"Seattle, WA","BOND, NVentures (NVIDIA), Anthos Capital, Sozo Ventures, Voyager Capital, Bolt, Fuse Capital, Ignition Partners",N/A,N/A,$8.9M - 2019,$27M - Sep 2021,$30M - Apr 2023 + $85M - May 2024,$70M - Oct 2024,$20.8M - Oct 2025
Skild AI,"Building a 'shared brain' for robotics industry - universal foundation model generalizing across robot morphologies, tasks, and environments. Spatial intelligence AI platform for physical world understanding. Targeting general-purpose robotics intelligence.",skild-ai,"Deepak Pathak (CEO, CMU/Berkeley professor), Abhinav Gupta (co-founder, CMU professor, ex-Meta AI Research lead)","40.4581, -79.9220",$14B target - Dec 2025,"Pittsburgh, Pennsylvania / San Francisco, California","SoftBank Vision Fund, Lightspeed Venture Partners, Bezos Expeditions, NVIDIA, Coatue Management, Amazon Industrial Innovation Fund",N/A,$14.5M - 2023,$1.5B - Jul 2024,$4.5B - Jun 2025,N/A,N/A,$14B target - Dec 2025
Locus Robotics,"Market-leading collaborative autonomous mobile robots (AMRs) for warehouse fulfillment and e-commerce with LocusONE platform. 2-3x picking productivity improvement over manual operations. 2,000+ robots deployed across 500+ sites globally including DHL, Geodis, CEVA Logistics. Robot-as-a-Service (RaaS) business model with $500M+ annual revenue run rate. Origin Platform fleet management software enables multi-site coordination. Competes directly with Amazon Robotics in third-party logistics market.",locus-robotics,"Bruce Welty (Chairman, ex-Quiet Logistics founder), Michael Johnson (President/COO), Rick Faulk (CEO, joined 2016)","42.5584, -71.1734",$2B (2022),"Wilmington, MA","Tiger Global Management, Goldman Sachs Asset Management, BOND, Zebra Ventures (strategic), Scale Venture Partners, G2 Venture Partners, Wellington Management",N/A,N/A,$8M - May 2016,$25M - Nov 2017,$26M - Apr 2019,$40M - Jun 2020,$150M - Feb 2021 + $117M - Nov 2022
RightHand Robotics,"Autonomous robotic piece-picking systems with RightPick platform delivering 900+ picks/hour. Robot-agnostic computer vision and machine learning system for e-commerce fulfillment. Multi-SKU handling capabilities across variable packaging types. Deployed across North America, Europe, and Japan with major 3PL partners. Focus on unstructured item manipulation in warehouse environments. Harvard innovation commercialized for complex picking applications.",righthand-robotics,"Leif Jentoft (Chief Strategy Officer, Co-founder), Yaro Tenzer (Chairman, Co-founder), Lael Odhner (Co-founder, 2014, Harvard/Yale/MIT team)","42.3875, -71.0994",Est. $400M (2022-2025),"Somerville, Massachusetts","Playground Global (Series A lead), Menlo Ventures (Series B lead), Safar Partners, Thomas H. Lee Partners, SoftBank Vision Fund 2, GV (Google Ventures), Zebra Technologies, Epson, Global Brain, Rockwell Automation",N/A,N/A,$8M - Mar 2017,$23M - Dec 2018,$66M - Feb 2022 + Est. $28M extension - Mar 2025,N/A,N/A
Lab0,RoboGlide industrial humanoid-inspired warehouse automation system for fully automated inbound operations achieving 900+ cases/hour vs 250-500 human rate. Deployed at top-10 US retailer. Ex-Symbotic and Amazon/Kiva Robotics founders.,lab0,"Steve Toebes (CEO, ex-Symbotic founder), David McCalib (CTO, MIT, ex-Amazon/Kiva Robotics)","45.6387, -122.6615",Unfunded/Bootstrapped,"Ridgefield, WA",None (bootstrapped),N/A - Bootstrapped company,N/A - Bootstrapped company,N/A - Bootstrapped company,N/A - Bootstrapped company,N/A - Bootstrapped company,N/A - Bootstrapped company,N/A - Bootstrapped company
Pivot Robotics,"Y Combinator-backed warehouse robotics company from F2025 or W2025 cohort developing automation solutions for logistics operations. YC's continued investment in warehouse robotics reflects strong market demand and exit opportunities (see: Otto Motors acquired by Clearpath, 6 River Systems acquired by Shopify). Likely focusing on specific warehouse pain point: piece-picking, pallet handling, inventory management, or container unloading. Competitive landscape includes Locus, 6 River, Fetch, Geek+. Key differentiator likely software-focused approach or novel hardware design.",pivot-robotics,Y Combinator F2025 or W2025 cohort founders (names not disclosed),"37.7749, -122.4194",$15M post-money (est. YC 2025),"San Francisco, CA",Y Combinator,N/A,$2M - 2024/2025 (Y Combinator standard),N/A,N/A,N/A,N/A,N/A
Ember Robotics,"Warehouse and logistics robotics company founded by Simbe Robotics alumni. Simbe pioneered autonomous retail inventory robots (Tally) deployed in 500+ stores. Ember applies similar computer vision and autonomous navigation expertise to warehouse environments. Focus on inventory management, asset tracking, and logistics automation. Leverages retail robotics lessons learned for warehouse applications. Competitive positioning between pure AMR companies and full automation solutions.",ember-robotics,"Ex-Simbe Robotics team (Simbe = retail inventory robots), names not publicly disclosed","37.4419,-122.1430",$5M (est. seed 2024),"Palo Alto, California","Early-stage Silicon Valley VCs, likely retail/logistics tech investors",Est. $1M - 2023,Est. $5M - 2024,N/A,N/A,N/A,N/A,N/A
Upside Robotics,"Upside Robotics develops vision-guided robotic systems for general-purpose industrial automation. Their flagship product, Upside Flex, combines traditional industrial robots with computer vision and adaptive control software.",upside-robotics,"Chad Hughes, Paul Palumbo","39.9612, -82.9988",Est. $13M Total,"Columbus, OH, United States",TBD,N/A,$2.8M - June 2021,Est. $10M - 2023,N/A,N/A,N/A,N/A
Niqo Robotics,"Agricultural robotics with Niqo Sense AI camera for spot spraying achieving 60% chemical reduction. RoboThinner for precision lettuce farming automation. 100,000+ acres commercialized across India with expansion to US and Australia markets. Carnegie Mellon engineering pedigree applied to Indian agriculture challenges. Focus on sustainable farming through AI-driven precision agriculture. Addressing herbicide resistance and environmental concerns through targeted application technology.",niqo-robotics,"Jaisimha Rao (Founder/CEO, Carnegie Mellon engineer, ex-BlackRock Wall Street, formerly TartanSense)","12.9716, 77.5946",Est. $60M (Series B 2024),"Bengaluru, Karnataka, India","Bidra Innovation Ventures (lead), Omnivore Partners, Blume Ventures, BEENEXT, FMC Ventures (strategic agricultural), Fulcrum Global Capital",N/A,$2M - 2019,$6M - Aug 2021,$13M at Est. $60M - Apr 2024,N/A,N/A,N/A
FuturHand Robotics,"CMU Robotics Institute spinout developing advanced dexterous robotic hands called 'Skill-Augmented Hands' for complex manufacturing tasks. Currently deployed in pilot testing at Bosch manufacturing facilities for precision cable plug insertion and assembly operations. $5M National Science Foundation funding validates technology readiness. Led by CMU Professor Nancy Pollard (leading expert in hand manipulation research) and PhD graduates. Focus on solving fine motor skill gaps in industrial robotics. Targets automotive, electronics, and aerospace assembly applications.",futurhand-robotics,"Nancy Pollard (CMU professor), Dominik Bauer (CMU PhD), Cornelia Bauer (CMU PhD)","40.4406, -79.9959",$5M NSF funding,"Pittsburgh, PA","National Science Foundation (NSF), Bosch (testing partner)",N/A,$5M NSF Grant - 2021,N/A,N/A,N/A,N/A,N/A
PickNik Robotics,MoveIt Pro (formerly MoveIt Studio) robotics software platform for manipulation in unstructured environments. Open-source MoveIt motion planning framework with 80M+ downloads. NASA Artemis lunar robotics mission partner for autonomous manipulation. U.S. Space Force autonomous satellite capture systems. Government-validated technology with $5M+ NASA/Space Force SBIR contracts. Focus on making advanced robot manipulation accessible through intuitive software interfaces.,picknik-robotics,"Dave Coleman (Founder/Chairman, ex-Google Robotics/Willow Garage, 2015), Dave Grant (CEO), Nathan Brooks (CTO)","40.0150, -105.2705",Est. $15M (Pre-Seed 2023),"Boulder, Colorado","Stellar Ventures (lead), Cypress Growth Capital, NASA SBIR ($850K Phase II), U.S. Space Force ($1.7M SpaceWERX SBIR), Calibrate Ventures, Keiretsu Forum, TechStars alumni network",$2M - Oct 2023,SBIR: $5M+ - 2018-2025,N/A,N/A,N/A,N/A,N/A
Anthropic Robotics,"Humanoid robotics company with $75M Series A from top-tier Silicon Valley VCs (Andreessen Horowitz, Sequoia Capital, Founders Fund). Direct competitor to Figure AI ($2.6B valuation) and Tesla Optimus in general-purpose humanoid space. Massive VC backing signals high confidence but also high-risk, high-reward bet on humanoid robotics future. Focus on transformative robotics technology for manufacturing, logistics, and domestic applications. Well-funded to pursue multi-year development before commercialization. Likely 2026-2027 product demonstrations. Top-tier investor syndicate provides validation and network effects.",anthropic-robotics,"High-profile robotics entrepreneurs (names stealth), likely from major robotics or AI companies","37.7749, -122.4194",$400M (est. Series A 2024),"San Francisco, CA","Andreessen Horowitz (a16z), Sequoia Capital, Founders Fund",N/A,Est. $10M - 2023,$75M - 2024 (est. $400M valuation),N/A,N/A,N/A,N/A
Sunday Robotics,"Home robotics company founded by combined Tesla Optimus diaspora and Toyota Research Institute alumni. Developing first robotics foundation model trained purely on human movement data - revolutionary data collection methodology. Toyota Research Institute brings complimentary strengths (manipulation research, simulation). Tesla Optimus brings production mindset and vision AI. Strategic positioning at inflection point of domestic robotics market. Focus on household tasks with foundation model enabling broad generalization. Highly credentialed team with tier-1 venture backing.",sunday-robotics-2,"Ex-Tesla Optimus and Toyota Research Institute team (names stealth), multi-company robotics veterans","37.7749, -122.4194",$30M (est. seed 2024),"San Francisco, CA",Tier-1 venture backing,N/A,Est. $30M - 2024 (tier-1 VCs),N/A,N/A,N/A,N/A,N/A
Foundation Robotics,"Stealth-mode humanoid robotics startup founded by non-roboticist entrepreneur betting on execution speed over domain expertise. Developing Phantom MK1 bipedal humanoid robot targeting factory automation and military/defense applications. 13-month concept-to-deployment timeline claim. Thesis: modern software engineering practices, rapid iteration, and commercial urgency can outpace traditional robotics research approaches. Small team leveraging contractor networks and rapid prototyping. Controversial approach in robotics community.",foundation-robotics,"Sankaet Pathak (Founder/CEO, ex-Zellis co-founder, fintech/SaaS background, non-traditional robotics entrepreneur emphasizing speed over deep tech expertise)","37.7749, -122.4194",$5M (est. seed 2024),"San Francisco, CA",Undisclosed,Est. $1M - 2023,Est. $5M - 2024,N/A,N/A,N/A,N/A,N/A
Hlabs Robotics,"Y Combinator W23 batch company creating modular plug-and-play robotic component ecosystem with open-source software libraries. 'Arduino for robotics' vision - standardized modules (motors, sensors, controllers, actuators) with universal interfaces. Open-source ROS-compatible software stack. Targeting maker community, education sector, and rapid prototyping market. Democratizing robotics development by reducing barriers to entry. Community-driven approach with GitHub repositories and developer forums.",hlabs-robotics,"Paul (Full name not disclosed, Y Combinator second-time founder, previously built hardware startup)","37.7749, -122.4194",$2M (YC seed funding 2023),"San Francisco, CA",Y Combinator,N/A,$2M - 2023 (Y Combinator batch),N/A,N/A,N/A,N/A,N/A
Diligent Robotics,"Creator of AI-powered service robots for healthcare environments, including Moxi robot",diligent-robotics,"Andrea Thomaz, Vivian Chu","30.267153, -97.743061",Est. $150M - Feb 2025,"Austin, TX (2400 E Cesar Chavez St)","DNX Ventures, True Ventures, Next Coast Ventures, Ubiquity Ventures, Capital Factory, Boom Capital",$3M - December 2018,$10M - February 2020,$30M - December 2021,N/A,N/A,N/A,N/A
Deep Robotics Technology Co.,"Chinese quadruped robotics company developing advanced four-legged robots for inspection, security, and industrial applications. Part of Hangzhou robotics innovation cluster. X20/X30 series quadrupeds compete with Boston Dynamics Spot and Unitree models. Focus on high-terrain mobility, payload capacity, and autonomous navigation. Strong presence in Chinese industrial and government sectors. Benefits from regional manufacturing ecosystem and AI talent concentration.",deep-robotics-technology-co,"Zhao Hangbiao (CEO, Zhejiang University PhD in Robotics, ex-DJI engineer, specialist in legged locomotion control)","30.2741, 120.1551",$150M (est. Series B 2023),"Hangzhou, China","Shenzhen Capital Group, Hillhouse Capital, Sequoia China, Matrix Partners China, Chinese government robotics funds",N/A,$5M - 2017,$20M - 2019,$50M - 2022,N/A,N/A,N/A
Piggy Robotics,Mass-producible humanoid robots for household chores using proprietary artificial muscle technology. Braided fiber tubes with single pump architecture for low-cost actuation. $1-2K target price point (iPhone cost equivalent). 22-degree-of-freedom dexterous hands. 15+ Oxford engineers team. Focus on affordable consumer humanoids through manufacturing innovation rather than complex hardware. Y Combinator F2025 cohort targeting mass-market deployment.,piggy-robotics,"Richard Gong (Co-founder, ex-Oxford Medicine student), Chenny (Qianyi) Deng (Co-founder, Oxford PhD CS, ex-Tencent AI)","51.7520, -1.2577",Est. $5M (YC F2025),"Oxford, UK / San Francisco, CA (YC)",Y Combinator (F2025 cohort),N/A,Est. $500K YC - Fall 2025,N/A,N/A,N/A,N/A,N/A
Unitree Robotics,"Leading Chinese robotics company with profitable operations since 2020, 1B+ yuan annual revenue. Go1/Go2 quadruped robots ($1,600-$3,500) and H1/G1 humanoid robots ($16,000-$90,000). 50-90% cost advantage over Western competitors through vertical integration and Chinese manufacturing. Mass production capabilities with 10,000+ units deployed globally. Focus on consumer, industrial, and research markets with affordable yet capable robotic platforms.",unitree-robotics,"Wang Xingxing (Founder/CEO, born 1990, ex-DJI engineer, Shanghai University graduate 2016)","30.2741, 120.1551",$1B+ (Series C 2025),"Hangzhou, Zhejiang, China","Sequoia China Seed Fund, Matrix Partners China, Shunwei Capital, Shenzhen Capital Group, Meituan (strategic), Tencent (strategic), Alibaba (strategic), China Mobile, Ant Group, Geely Capital (automotive strategic)",N/A,Est. $5M - 2017,Est. $25M - 2021,Est. $50M - 2022 + $138M - Feb 2024,Est. $200M - 2025,N/A,N/A
CMR Surgical,"UK-based surgical robotics company developing Versius surgical robot system. Modular, portable surgical robot designed to be more accessible and affordable than da Vinci. Next-generation minimal access surgery with smaller footprint and lower cost. One of Europe's most valuable health tech companies.",cmr-surgical,Massimiliano (Max) Colella,"52.2053, 0.1218",$3B+ (2021-2023),"Cambridge, UK","SoftBank Vision Fund 2, Cambridge Innovation Capital, LGT Lightstone Aspada, Ally Bridge Group, Abu Dhabi Investment Authority, Celeres, Escala Capital",N/A,$2.5M - 2014,$46M - Sept 2017 (led by Cambridge Innovation Capital),$100M - June 2018 (led by LGT Lightstone Aspada),£195M/$240M - Sept 2019 (led by SoftBank Vision Fund 2),$600M - June 2021 (led by SoftBank Vision Fund 2 & Ally Bridge Group),$165M - late 2023 + $200M+ - April 2025 (led by Abu Dhabi Investment Authority)
Kiwibot,"Campus delivery robot company serving universities across US and internationally. Over 200 robots deployed, 400K+ deliveries completed. Focus on college campuses and urban areas with food delivery from local restaurants. Raised significant funding from Latin American and US investors.",kiwibot,"Felipe Chávez Cortés, Sergio Pachón, David Rodriguez","37.8715, -122.2730",$25M valuation cap - August 2020 (Wefunder),"Berkeley, CA","Berkeley SkyDeck, Sodexo, Headline, House of Lithium, Kineo Finance, DILA Capital, Bling Capital, SV Latam Capital",$100K - December 2018 (Berkeley SkyDeck),$679K - August 2020 (Wefunder crowdfunding),"$7.5M - February 2022 (Sodexo, Headline, House of Lithium)",$10M - February 2023 (Kineo Finance asset financing),$12M - April 2025 (Later-stage VC),N/A,N/A
Nuro,"Autonomous delivery robots and vehicles for last-mile logistics. Designs custom-built zero-occupant vehicles for goods transportation. Partners with Kroger, Walmart, FedEx, Domino's, CVS, 7-Eleven. R2 vehicle first autonomous delivery vehicle approved by U.S. DOT. Focus: Computer Vision, Lidar, Autonomous Navigation, Machine Learning, Custom Vehicle Design. Over 1M autonomous deliveries completed. Founded 2016. ~1,200 employees.",nuro,"Dave Ferguson (Robotics PhD, former Google/Waymo engineer, 15+ years autonomous vehicle experience), Jiajun Zhu (Robotics engineer, former Google/Waymo principal engineer, computer vision expert)","37.3861,-122.0839",$8.6 billion (est. 2021),"Mountain View, California, USA","SoftBank Vision Fund, Greylock Partners, Gaorong Capital, Baillie Gifford, T. Rowe Price, Fidelity Investments, Tiger Global Management, Google, Kroger",Not applicable - started with substantial founding team resources,$92M - July 2017,$940M - February 2018,$2.7B - February 2019,$5.3B - November 2019,$8.6B - November 2021 ($600M raised),N/A
Starship Technologies,"Autonomous delivery robots founded by Skype creators. Fleet of 2,700+ six-wheeled sidewalk robots delivering food, groceries, and packages. 9M+ autonomous deliveries completed across 270 locations in 7 countries. Focus on last-mile delivery for university campuses, urban neighborhoods, and business districts. Operates autonomously on sidewalks at walking speed. Partnership model with universities, cities, and retailers.",starship-technologies,"Ahti Heinla (CEO/CTO, ex-Skype co-founder), Janus Friis (Co-founder, ex-Skype co-founder, founded 2014)","59.4370, 24.7536",$550M (Series C 2024),"Tallinn, Estonia (HQ) / San Francisco, California (operations)","Plural (co-lead), Iconical (co-lead), Daimler/Mercedes-Benz Innovation Lab, NordicNinja VC, Taavet+Sten (Wise/Skype founders), Matrix Partners, Shasta Ventures, Morphosis Capital, Goodyear Ventures, TDK Ventures, European Investment Bank",N/A,$17.2M - Jan 2017,$40M - Aug 2019,$42M - Mar 2022,$90M at $550M - Jan 2024 + $50M extension - Oct 2025,N/A,N/A
Brain Corp,Developer of AI-powered autonomous navigation and control systems for commercial floor-cleaning robots and other mobile machines,brain-corp,Eugene Izhikevich,"32.715738, -117.161084","$600M (Series C, March 2020)","San Diego, CA","Qualcomm Ventures (lead), SoftBank Group, Draper Fisher Jurvetson, Uncork Capital, Taner Halicioglu",N/A,$8M - August 2014,$36M - March 2017,$114M - July 2018,N/A,N/A,N/A
Avidbots,"Commercial floor cleaning robot manufacturer. Neo autonomous floor scrubber deployed in airports, retail, warehouses. Over 2,000 robots cleaning 2B+ sq ft. Robotics-as-a-Service model with fleet management software. Focus on large commercial spaces requiring consistent cleaning.",avidbots,"Pablo Molina, Faizan Sheikh","43.4643, -80.5204",$70M+ (Series B),"Kitchener, ON, Canada","True Ventures, Cyrus Capital, Export Development Canada",N/A,N/A,N/A,N/A,N/A,N/A,N/A
Bear Robotics,Creator of autonomous service robots for restaurants including Servi robot for food delivery and Penny robot for bussing and cleaning tasks,bear-robotics,"John Ha, Joshua Lee","37.424106, -122.166077",Est. $500M - 2023,"Redwood City, California, USA","IMM Investment, Softbank Ventures Asia, Intero Ventures, Primavera Capital Group, LG Technology Ventures",N/A,$5.5M - May 2019,$32M - November 2020,$81M - January 2022,N/A,N/A,N/A
Miso Robotics,"Restaurant automation robotics company developing AI-powered cooking and food preparation robots. Flippy robot platform automates frying, grilling, and food assembly for quick-service restaurants and commercial kitchens.",miso-robotics,"David Zito (CEO), Buck Jordan (Co-founder)","34.1478, -118.1445",Est. $150M - 2022,"Pasadena, California, USA","PathFinder (Cali Group), Levy, Acacia Research, CaliGroup, Wavemaker Partners, Koi Capital, Rich Products",$1M - May 2016,$3M - September 2017,$10M - December 2018,$17M - September 2019,$30M - March 2021,$22M - May 2022,N/A
Scaled Robotics,"Barcelona-based construction monitoring robotics company using autonomous mobile robots for reality capture and progress tracking on construction sites. Robots scan projects and compare against Building Information Models (BIM) using AI-powered analytics to detect deviations and track construction progress. Serves major European construction firms including ACS Group, Ferrovial, and Skanska. Focus on quality control automation and project management optimization for large-scale construction projects. Addresses $12 trillion global construction market inefficiencies through robotic data collection and analysis.",scaled-robotics,"Stuart Maggs, Carlos Folguera","41.3851, 2.1734",$15M+ (Series A),"Barcelona, Spain","Navus Ventures, Aster Capital, EIT InnoEnergy",N/A,$2M - 2018,$15M - 2021,N/A,N/A,N/A,N/A
Built Robotics,Developer of autonomous construction equipment and AI guidance systems,built-robotics,Noah Ready-Campbell,"37.774929, -122.419416",Est. $400M - 2022,"San Francisco, California, USA","NEA, Founders Fund, Building Ventures, Presidio Partners, Fifth Wall, Lemnos Labs",N/A,$5M - March 2017,$15M - September 2018,$33M - December 2019,$64M - June 2021,N/A,N/A
Ghost Robotics,"Developer of legged robots and autonomous systems for defense, security, and industrial applications, including the Vision series of quadruped robots",ghost-robotics,"Jiren Parikh, Gavin Kenneally","39.952584, -75.165222",Est. $200M - 2023,"Philadelphia, Pennsylvania, USA","Atomico, Founders Fund, NEC Corporation, QED Investors, Amplo, Lockheed Martin Ventures",N/A,$2M - November 2017,$11.5M - August 2019,$25M - March 2022,N/A,N/A,N/A
EcoRobotix,"Swiss precision agriculture robotics company. AVO autonomous weeding robot using AI vision for ultra-precise herbicide application (95% reduction). GPS-guided robot operates in vegetables, row crops. Focus on sustainable farming with dramatic chemical reduction. European market leader in precision weeding.",ecorobotix,"Steve Tanner, Aurélien Demaurex","46.7784, 6.6411",$60M+ (Series C),"Yverdon-les-Bains, Switzerland","Capagro, Demeter Partners, Nestle, Swisscom Ventures, EquiTrust",N/A,Est. $3M - 2011,$10.5M - 2017,$12M - 2019,$12M - 2020,N/A,N/A
Scythe Robotics,"Developer of autonomous lawn mowing and landscaping robots for commercial property maintenance, using AI and precision cutting technology",scythe-robotics,"Jack Morrison, Davis Foster","39.739236, -104.990251",Est. $200M - 2023,"Boulder, Colorado, USA","Bessemer Venture Partners, Baseline Ventures, Headline, IA Ventures, AgFunder, ACRE Venture Partners",$500K - April 2018,$3.7M - November 2019,$17.3M - September 2021,N/A,N/A,N/A,N/A
Vecna Robotics,"Developer of autonomous mobile robots and AI-powered logistics automation for warehouses, manufacturing, and distribution centers",vecna-robotics,Daniel Theobald,"42.360081, -71.09416",Est. $300M - 2021,"Waltham, Massachusetts, USA","Highland Capital Partners, Fontinalis Partners, Drive Capital, Bessemer Venture Partners, Tiger Global, Blackhorn Ventures",N/A,$5M - June 2018,$14.5M - February 2019,$50M - May 2020,$29M - November 2021,N/A,N/A
Soft Robotics,"Harvard spinout specializing in inflatable compliant grippers (mGrip system) for delicate food handling and packaging. Patented elastomeric/pneumatic technology that conforms to object shapes without damage. Focus on fresh produce, baked goods, raw proteins, and fragile items difficult for rigid grippers. Applications in food processing, e-commerce fulfillment, and logistics automation. Strategic partnerships with FANUC, Honeywell, Yamaha for gripper integration into industrial robot arms.",soft-robotics,"George M. Whitesides (Co-founder, Harvard Professor), Carmichael Roberts (Co-founder, Material Impact), Mitchell Zakin (Co-founder), Carl Vause (Founding CEO, 2013)","42.4919, -71.2791",Est. $150M (Series C 2022),"Bedford, Massachusetts","Material Impact (lead), Calibrate Ventures (co-lead), FANUC Corporation (strategic), Honeywell Ventures (strategic), Yamaha Motor Ventures (strategic), Tyson Ventures (lead Series C), Marel, Johnsonville Sausage, Taylor Farms, Scale Venture Partners, Hyperplane, SOSV",N/A,Est. $4M - 2015,$5M - Dec 2015,$23M - Jan 2020,$26M - Nov 2022,N/A,N/A
OpenDroids,"LEADERSHIP CHANGE: Jackson Jesionowski now CEO (Abhishek Gupta departed). Open-source robotics platform developing affordable human-capable robots. R1D1 single-arm mobile manipulator ($18,500) for education/research and R2D3 dual-arm humanoid ($55K-60K) for commercial applications. Focus on accessible robotics through open-source approach. Active pilots in rehabilitation centers and restaurant chains (Baskin-Robbins, Subway discussions).",opendroids,"Jackson Jesionowski (CEO), Ashish Gupta (CFO)","37.7749, -122.4194",Early-stage funded (undisclosed),"San Francisco, CA","Persist Ventures, Motwani Jadeja Foundation",Est. $1M - 2023,Undisclosed early-stage funding - 2024,Not yet completed,Not yet completed,Not yet completed,Not yet completed,Not yet completed
Tutor Intelligence,MIT spinout focused on warehouse AI and automation. Developing intelligent systems for warehouse operations.,tutor-intelligence,MIT team,"42.3708, -71.1833",$49M,"Cambridge, MA (MIT spinout)","Union Square Ventures, Neo, Fundomo, E14 Fund, Kube VC, AiSprouts VC",N/A,N/A,N/A,N/A,N/A,N/A,N/A
Mytra,"Warehouse automation with AI-powered 3D robotics systems featuring three-component architecture: bots (wall-climbing robots), matrix (vertical storage infrastructure), and software (orchestration layer). 88% labor reduction demonstrated at Fortune 100 customers including Albertsons deployment. Modular system enabling 10x storage density vs. traditional warehousing. Ex-Tesla Optimus founding team applying humanoid robotics expertise to warehouse logistics automation.",mytra,"Chris Walti (CEO, ex-Tesla Optimus/robotics lead), Ahmad Baitalmal (Co-founder, ex-Tesla and Rivian factory software, 2022)","37.6805, -122.4014",Est. $250M (Series B 2024),"South San Francisco, California","Greenoaks (lead), Eclipse Ventures (lead), Promus Ventures, 515 Ventures, Abstract Ventures, Garry Tan (Y Combinator CEO), Lachy Groom, Humba Ventures, LifeX Ventures",N/A,Est. $5M - 2022,$28M - 2023,$50M at Est. $250M - Jul 2024,N/A,N/A,N/A
Iron Ox,Agricultural robotics company. Previously focused on autonomous greenhouse farming. Company experienced distress/pivot in recent years.,iron-ox,"Brandon Alexander, Jon Binney","37.5072, -122.2605",Company distressed/pivoted,"San Carlos, CA","Crosslink Capital, Pathbreaker Ventures, R7 Partners",N/A,N/A,$6M (2018),$20M (2020),$53M (2022),N/A,N/A
Buildroid AI,Construction robotics platform. Hardware-agnostic platform compatible with 40+ robot types. Multi-robot coordination for block-laying robots and autonomous mobile robots (AMRs) for material delivery. Q2 2026 commercial deployment planned.,buildroid-ai,"Slava Solonitsyn (CEO, YC Alum, founder of Mighty Buildings) and Anton Glance (CTO, founder of Glance Clock)","37.7749, -122.4194",Information not yet available,"San Francisco, California","Tim Draper (Draper Associates), Diamond Age, and NVIDIA (via technology partnership/Inception)",$2 million in November 2025,N/A,N/A,N/A,N/A,N/A,N/A
Lightberry,"Social robotics company applying autonomous vehicle perception and navigation technology to human-robot interaction. Develops robots capable of emotional connection and natural social behavior in home and commercial environments. Team composed of ex-self-driving car engineers from Waymo, Tesla, and Cruise. Focus on creating robotics companions that understand social cues, maintain conversations, and provide emotional support. Differentiator: leveraging automotive-grade sensors and AI for social robotics applications.",lightberry,Team with autonomous vehicle background (names not publicly disclosed),"37.7749,-122.4194",$5M (est. seed 2024),"San Francisco, California",Undisclosed Silicon Valley seed investors,Est. $1M - 2023,Est. $5M - 2024,N/A,N/A,N/A,N/A,N/A
Boost Robotics,"Data center robotics automation company developing autonomous mobile manipulation systems specifically for hyperscale data center environments. Robots perform hardware installation, cable management, equipment racking/stacking, and routine maintenance tasks. Addresses acute labor shortages in data center operations. Leverages highly structured environments for reliable autonomous operation. Target customers: Meta, Google, Amazon AWS, Microsoft Azure data centers. Focus on repetitive, physically demanding tasks in controlled temperature/humidity environments.",boost-robotics,Silicon Valley team (founders not publicly disclosed - stealth mode),"37.3861,-122.0839",$10M (est. seed 2022),"Mountain View, California","Undisclosed enterprise data center operators, early-stage Silicon Valley VCs",Est. $1M - 2021,Est. $10M - 2022,N/A,N/A,N/A,N/A,N/A
Dyna Robotics,"Embodied AI robotics company focusing on affordable robots for simple, high-value household tasks like laundry folding and food preparation. Research emphasis on embodied AI, robot learning, manipulation policies, and natural human-robot interaction. Strategy: start with specific high-value tasks rather than general-purpose robots. Target price points significantly below traditional robot costs through simplified mechanical designs and AI-first control. Likely leveraging vision-language models and imitation learning for task acquisition. Competes with Physical Intelligence, Skild AI in embodied AI approaches.",dyna-robotics,"Embodied AI researchers (names not disclosed, likely from academic labs or major AI companies)","37.7749,-122.4194",$8M (est. seed 2024),"San Francisco, California","AI-focused seed investors, likely including Lux Capital, AIX Ventures, or Conviction",Est. $1M - 2023,Est. $8M - 2024,N/A,N/A,N/A,N/A,N/A
EurekaLabsAI,"Humanoid robotics company founded by ex-Tesla AI diaspora engineers who built production autonomous systems. Represents significant Tesla brain drain trend - experienced engineers applying proven autonomous vehicle methodologies to humanoid robots. Focus on leveraging Tesla production scaling expertise, vision-based AI perception, and end-to-end neural networks for robot control. Thesis: automotive-grade reliability and manufacturing scale applied to humanoids. Early stealth mode with likely 2025-2026 product announcements.",eurekalabsai,"Ex-Tesla AI/Autopilot team (names stealth), veterans of Tesla Full Self-Driving development and production autonomous systems","37.3861,-122.0839",$15M (est. seed 2024),"Palo Alto, California","Undisclosed Silicon Valley VCs, likely AI-focused investors (stealth mode)",Est. $2M - 2024,Est. $15M - 2024,N/A,N/A,N/A,N/A,N/A
Connect Robotics,"Portugal-based defense robotics company selected for NATO DIANA (Defence Innovation Accelerator for the North Atlantic) accelerator program. NATO DIANA supports dual-use deep tech startups addressing Alliance security challenges. Likely developing unmanned ground vehicles (UGVs), autonomous surveillance systems, or logistics robots for military applications. European defense market focus with NATO standardization. Benefits from European defense budget increases post-Ukraine conflict. Potential applications in border security, reconnaissance, and military logistics.",connect-robotics,"Portuguese robotics team (names not disclosed), NATO DIANA accelerator participants","38.7223,-9.1393",$3M (est. NATO DIANA funding 2023),"Lisbon, Portugal",NATO DIANA accelerator,Est. $500K - 2022,Est. $3M - 2023 (NATO DIANA accelerator),N/A,N/A,N/A,N/A,N/A
UMA (Universal Mechanical Assistant),"Ex-Tesla/Hugging Face/Google DeepMind team building general-purpose humanoid and mobile robots for logistics, manufacturing, and healthcare. Humanoid robotics startup with exceptional technical talent and deep domain expertise in both autonomous systems and humanoid robotics. Focus on general-purpose humanoid assistants.",uma-universal-mechanical-assistant,"Rémi Cadene, Simon Alibert, Pierre Sermanet, Robert Knight","48.8566, 2.3522",$40M - December 2025 (seed target),"Paris, France (European Headquarters)","Greycroft, Relentless, Unity Growth, >Commit, Factorial, ALM Ventures, Drysdale, Yann LeCun, Olivier Pomel",N/A,$40M - December 2025 (target/in talks),N/A,N/A,N/A,N/A,N/A
Zeon Systems,Laboratory automation robotics. Natural language approach to democratize laboratory automation for scientific research. Focus on reproducible experiments and accelerating scientific discovery through accessible automation technology.,zeon-systems,Brontë Kolar (CEO) and Tahir D’Mello (CTO),Information not yet available,Information not yet available,"San Francisco, California, USA","Y Combinator (W25 batch), Salesforce Ventures, FundersClub, Pioneer Fund, A Capital*, FCVC, and Paul Buchheit","$500,000 as part of its initial backing (including Y Combinator participation)",N/A,N/A,N/A,N/A,N/A,N/A
Apptronik,"Apollo humanoid robot (5'8"", 160 lbs, 55 lb payload capacity) with NASA heritage from Valkyrie R5 program. UT Austin spinout commercializing research into general-purpose humanoid for manufacturing and logistics. Mercedes-Benz strategic partnership for automotive deployment. 24/7 operation capability with hot-swappable battery system. Google DeepMind AI integration for task learning. Modular design philosophy enabling rapid hardware iterations. Focus on safe human-robot collaboration in industrial environments.",apptronik,"Jeff Cardenas (CEO, Co-Founder), Dr. Nick Paine (CTO, Co-Founder), Dr. Luis Sentis (Co-Founder, UT Austin Professor, 2016)","30.2672, -97.7431",Est. $5B (Series B 2025),"Austin, Texas","B Capital Group (co-lead), Capital Factory (co-lead), Mercedes-Benz (strategic partner), Google Ventures, NVIDIA (partnership), Calibrate Ventures, Greycroft, Root Ventures, Lux Capital, Overline Ventures",N/A,$14.5M - Aug 2022,$45M at $350M+ valuation - Feb 2024,$403M + $331M at Est. $5B - 2025,N/A,N/A,N/A
http://Proception.ai,Dexterous manipulation robotics. Y Combinator-backed company tackling human-level dexterous manipulation with focus on efficient development and commercial applications. Building platform technology for complete humanoid robot systems.,proception-ai,"Jay Li (CEO, ex-Tesla Optimus engineer) and Jack (Jianxiang) Xu (ex-Tesla and Trexo Robotics)","37.4419, -122.1430",$500K,"Palo Alto, California, USA","Y Combinator, 468 Capital, First Round Capital, Multimodal Ventures, SurgePoint Capital",undisclosed,N/A,N/A,N/A,N/A,N/A,N/A
Physical Intelligence,"Foundation model (π0) for robot control enabling universal AI brain for physical tasks. Enables robots to perform diverse real-world tasks like laundry folding, table bussing, box assembly across 7+ robot embodiments. 10,000+ hours of real-world training data. Building general-purpose intelligence that works across different robot platforms and tasks.",physical-intelligence,"Karol Hausman (CEO, ex-Google Robotics), Sergey Levine (Chief Scientist, UC Berkeley), Chelsea Finn (Research Lead, Stanford), Brian Ichter (VP Engineering, ex-Google), Lachy Groom (COO), Adnan Esmail, Quan Vuong","37.7749, -122.4194","$5.6B (Series B, Nov 2025)","San Francisco, California","Jeff Bezos, Thrive Capital, Lux Capital, Bond Capital, OpenAI Startup Fund, Khosla Ventures, Sequoia Capital, CapitalG (Alphabet)",N/A,$70M - Jan 2024,$400M at $2.4B valuation - Mar 2024,$600M at $5.6B valuation - Nov 2025,N/A,N/A,N/A
ScrubMarine,Marine robotics company focused on hull cleaning automation. Developing autonomous systems for ship hull cleaning and maintenance to improve fuel efficiency and reduce marine biofouling.,scrubmarine,Rohith Devanathan (CEO) and Clyne Albertelli,"54.5490, -3.5841",$1.25M,Whitehaven (HQ/Engineering) and Edinburgh (R&D),"PXN Ventures, SFC Capital, Praetura Ventures, Colin Greene, Graham Westgarth","Raised approximately $250,000 (£200,000) led by Praetura Ventures","closed a $1 million (£740,000) round led by PXN Ventures and SFC Capital",N/A,N/A,N/A,N/A,N/A
Genesis AI,"Universal robotics foundation model using proprietary physics simulation engine for synthetic data generation at 430,000x real-time speed. 18-university research consortium partnership for robotics training data. Open-source approach enabling robot training through simulation rather than expensive real-world data collection. Physics-based synthetic data generation for scalable robot learning across diverse tasks and embodiments.",genesis-ai,"Zhou Xian (CEO, CMU PhD Robotics), Théophile Gervet (CTO, ex-Mistral AI, CMU PhD), 20+ researchers from NVIDIA, Google DeepMind, MIT, Stanford","37.4419, -122.1630",Est. $500M (based on $105M seed),"Palo Alto, CA / Paris, France (dual HQ)","Eclipse Ventures (co-lead), Khosla Ventures (co-lead), Bpifrance, HSG Capital, HongShan (Sequoia China), Eric Schmidt, Xavier Niel, Jean-Marie Messier",N/A,$105M - Jul 2025,N/A,N/A,N/A,N/A,N/A
Persona AI,"NASA-to-commercial humanoid robotics. Led by Nic Radford with 15-year NASA tenure, Valkyrie/Robonaut 2 leadership. Strongest NASA-to-commercial technology transfer in humanoid robotics with direct commercialization of NASA-developed technology.",persona-ai,Nic Radford,"29.7604, -95.3698",$42M,"Houston, Texas","Unity Growth, Tides Ventures, Mirae Asset Group, Invicta Growth, K2 Global, Fathom Fund",raised $27M,N/A,N/A,N/A,N/A,N/A,N/A
Swarm Dynamics,"Multi-robot coordination and fleet management platform. Per-robot licensing model ($500-2,000/year per robot). Enables companies to monitor, debug, and maintain large-scale robot deployments. Similar model to Starship Technologies for last-mile delivery.",swarm-dynamics,Harry Toukalas (CEO + Co-Founder),"33.4942, -111.9261",$4M,"99 Wall Street, Suite 527New York","Quiet Capital, Soma Capital, Silent Ventures",N/A,N/A,N/A,N/A,N/A,N/A,N/A
Sanctuary AI,Developer of general-purpose humanoid robots powered by advanced AI to perform human-like work in human environments,sanctuary-ai,"Geordie Rose, Suzanne Gildert, Olivia Norton","49.246292, -123.116226",$2B+ (Est. post-Bezos/OpenAI Nov 2024 round),"Vancouver, British Columbia, Canada","Accenture Ventures, Chrysalix Venture Capital, Cantos, Evok Innovations, Founders Fund, BDC Capital, Export Development Canada",N/A,$4.5M - October 2018,$16.5M - September 2020,$58M - February 2022,$35M - October 2024,N/A,N/A
Shinkei,"Y Combinator W22 seafood processing automation robotics company founded by Saif Khawaja. Develops robotic systems for automated fish and seafood handling, processing, and packaging. Addresses labor shortages and quality control challenges in commercial seafood processing facilities. Japanese-inspired precision (Shinkei = nervous system in Japanese). Targets $150B global seafood processing market with focus on sustainable, efficient automated processing solutions. Technology applicable to broader food processing automation.",shinkei,"Saif Khawaja (solo founder, yc w22)","33.9192,-118.4165",$22M (Series A 2024),"El Segundo, California ","Y Combinator (W22), undisclosed VCs",$1.3M - 2022,$6M - April 2024,raised $22M,N/A,N/A,N/A,N/A
Boston Dynamics,"Developer of advanced robots and simulation software for mobility, manipulation, and intelligence applications, known for humanoid and quadruped robots like Atlas and Spot",boston-dynamics,Marc Raibert,"42.354558, -71.065834",$1.1B (Hyundai acquisition 2021),"Waltham, Massachusetts, USA","SoftBank Group (acquired 2017 for ~$100M), Hyundai Motor Group (acquired 2020 for $1.1B)",N/A,N/A,N/A,N/A,N/A,N/A,N/A
Scout AI,Robotics AI platform. Focus on AI infrastructure for robotics and autonomous systems. Targeting $20-50B robotics & autonomous systems subset of broader AI market.,scout-ai,Colby Adcock (CEO)and Collin Otis (CTO),"37.4069, -121.9902",$15M,"1225 Elko Dr, Sunnyvale, CA 94089, USA","Align Ventures, Booz Allen Ventures, Draper Associates, Decisive Point Ventures, Perot Jain",N/A,$15M raised,N/A,N/A,N/A,N/A,N/A